Program,Tuition,Duration,Cost per Week
Tech Elevator,16500,14,1178.571429
Hack Reactor,17980,12,1498.333333
Project Shift,7900,12,658.3333333
Hack Upstate,0,24,0
Codeup,27500,22,1250
Nashville Software School,13125,26,504.8076923
Code Platoon,18000,15,1200
Codesmith,19950,13,1534.615385
Epicodus,11700,27,433.3333333
Full Stack Academy,19910,17,1171.176471
Launch Academy,17500,18,972.2222222
